County,SEX350209D
UNITED STATES,97.4
ALABAMA,94
"Autauga, AL",94.7
"Baldwin, AL",95.9
"Barbour, AL",113.6
"Bibb, AL",108.3
"Blount, AL",99.2
"Bullock, AL",124.6
"Butler, AL",89.1
"Calhoun, AL",91.9
"Chambers, AL",90
"Cherokee, AL",94.4
"Chilton, AL",98.8
"Choctaw, AL",88.2
"Clarke, AL",91.1
"Clay, AL",97.7
"Cleburne, AL",101.6
"Coffee, AL",94.6
"Colbert, AL",92.4
"Conecuh, AL",89.5
"Coosa, AL",99.1
"Covington, AL",91.9
"Crenshaw, AL",91.1
"Cullman, AL",98.4
"Dale, AL",94.9
"Dallas, AL",84
"DeKalb, AL",97.1
"Elmore, AL",101.8
"Escambia, AL",103.7
"Etowah, AL",92.5
"Fayette, AL",94.7
"Franklin, AL",101
"Geneva, AL",95.4
"Greene, AL",87.4
"Hale, AL",101.8
"Henry, AL",92.7
"Houston, AL",90.8
"Jackson, AL",95.2
"Jefferson, AL",90.1
"Lamar, AL",94.3
"Lauderdale, AL",91
"Lawrence, AL",96.4
"Lee, AL",97.2
"Limestone, AL",102.9
"Lowndes, AL",86.9
"Macon, AL",84.8
"Madison, AL",95.5
"Marengo, AL",89.7
"Marion, AL",99
"Marshall, AL",96.2
"Mobile, AL",91.6
"Monroe, AL",91.5
"Montgomery, AL",90.9
"Morgan, AL",97.3
"Perry, AL",86.1
"Pickens, AL",89.1
"Pike, AL",90.2
"Randolph, AL",93
"Russell, AL",89.7
"St. Clair, AL",101
"Shelby, AL",97.4
"Sumter, AL",82.8
"Talladega, AL",96
"Tallapoosa, AL",92.4
"Tuscaloosa, AL",93.1
"Walker, AL",93.5
"Washington, AL",94.7
"Wilcox, AL",84.5
"Winston, AL",97.2
ALASKA,107.7
"Aleutians East, AK",197.9
"Aleutians West, AK",186
"Anchorage, AK",103.1
"Bethel, AK",111.5
"Bristol Bay, AK",122.5
"Denali, AK",129.1
"Dillingham, AK",107.8
"Fairbanks North Star, AK",114.1
"Haines, AK",105.4
"Hoonah-Angoon, AK",117.5
"Juneau, AK",102.9
"Kenai Peninsula, AK",108.7
"Ketchikan Gateway, AK",105.2
"Kodiak Island, AK",116.5
"Lake and Peninsula, AK",107.7
"Matanuska-Susitna, AK",106.7
"Nome, AK",114
"North Slope, AK",114.5
"Northwest Arctic, AK",111.8
"Petersburg, AK",107.4
"Prince of Wales-Hyder, AK",122.1
"Sitka, AK",103.2
"Skagway, AK",111.5
"Southeast Fairbanks, AK",106.1
"Valdez-Cordova, AK",115.2
"Wade Hampton, AK",107.7
"Wrangell, AK",107.6
"Yakutat, AK",129.9
"Yukon-Koyukuk, AK",117.3
ARIZONA,100.5
"Apache, AZ",96
"Cochise, AZ",98.1
"Coconino, AZ",99.1
"Gila, AZ",94.9
"Graham, AZ",111.7
"Greenlee, AZ",110.1
"La Paz, AZ",100.8
"Maricopa, AZ",101.9
"Mohave, AZ",97.1
"Navajo, AZ",97.6
"Pima, AZ",96.1
"Pinal, AZ",109
"Santa Cruz, AZ",89.4
"Yavapai, AZ",96
"Yuma, AZ",98.8
ARKANSAS,96
"Arkansas, AR",91.6
"Ashley, AR",94.6
"Baxter, AR",92.8
"Benton, AR",99
"Boone, AR",94.2
"Bradley, AR",101.9
"Calhoun, AR",91.7
"Carroll, AR",99.4
"Chicot, AR",96
"Clark, AR",94.6
"Clay, AR",94.1
"Cleburne, AR",94.7
"Cleveland, AR",95.4
"Columbia, AR",93.2
"Conway, AR",96
"Craighead, AR",93.6
"Crawford, AR",97.7
"Crittenden, AR",91.7
"Cross, AR",94.1
"Dallas, AR",94.4
"Desha, AR",87.7
"Drew, AR",95.2
"Faulkner, AR",94.9
"Franklin, AR",97.6
"Fulton, AR",95.7
"Garland, AR",94.6
"Grant, AR",99.1
"Greene, AR",96.2
"Hempstead, AR",97.4
"Hot Spring, AR",100.8
"Howard, AR",97
"Independence, AR",96.6
"Izard, AR",105.4
"Jackson, AR",93.6
"Jefferson, AR",96.8
"Johnson, AR",98.3
"Lafayette, AR",94
"Lawrence, AR",94.1
"Lee, AR",118.1
"Lincoln, AR",154
"Little River, AR",95.7
"Logan, AR",98.9
"Lonoke, AR",97.5
"Madison, AR",100
"Marion, AR",98.3
"Miller, AR",95.2
"Mississippi, AR",93
"Monroe, AR",87.5
"Montgomery, AR",96.4
"Nevada, AR",96
"Newton, AR",103.1
"Ouachita, AR",91
"Perry, AR",98.3
"Phillips, AR",83.6
"Pike, AR",96.3
"Poinsett, AR",94.9
"Polk, AR",96.6
"Pope, AR",97.3
"Prairie, AR",97.1
"Pulaski, AR",91.7
"Randolph, AR",96.6
"St. Francis, AR",108.6
"Saline, AR",98.9
"Scott, AR",101.8
"Searcy, AR",97.9
"Sebastian, AR",95.7
"Sevier, AR",97.4
"Sharp, AR",93
"Stone, AR",95.9
"Union, AR",92.6
"Van Buren, AR",97.6
"Washington, AR",99.7
"White, AR",96.3
"Woodruff, AR",90.8
"Yell, AR",98.7
CALIFORNIA,100.3
"Alameda, CA",98
"Alpine, CA",114.2
"Amador, CA",119.6
"Butte, CA",96.7
"Calaveras, CA",98.9
"Colusa, CA",103.5
"Contra Costa, CA",97.4
"Del Norte, CA",121.8
"El Dorado, CA",100.9
"Fresno, CA",101.9
"Glenn, CA",102.3
"Humboldt, CA",98.3
"Imperial, CA",107.7
"Inyo, CA",98
"Kern, CA",107.6
"Kings, CA",134.6
"Lake, CA",98.3
"Lassen, CA",176.8
"Los Angeles, CA",98.5
"Madera, CA",92.7
"Marin, CA",99.9
"Mariposa, CA",104.2
"Mendocino, CA",99.8
"Merced, CA",101
"Modoc, CA",102.3
"Mono, CA",122.1
"Monterey, CA",108.3
"Napa, CA",102.4
"Nevada, CA",99.9
"Orange, CA",100.4
"Placer, CA",98.1
"Plumas, CA",100.1
"Riverside, CA",100.1
"Sacramento, CA",96.8
"San Benito, CA",103.9
"San Bernardino, CA",100.9
"San Diego, CA",100.7
"San Francisco, CA",103.2
"San Joaquin, CA",100.6
"San Luis Obispo, CA",105.4
"San Mateo, CA",99.2
"Santa Barbara, CA",102.3
"Santa Clara, CA",104.4
"Santa Cruz, CA",100.8
"Shasta, CA",96.4
"Sierra, CA",101.5
"Siskiyou, CA",97.9
"Solano, CA",101
"Sonoma, CA",98.6
"Stanislaus, CA",98.4
"Sutter, CA",99.4
"Tehama, CA",98.6
"Trinity, CA",102.8
"Tulare, CA",101.6
"Tuolumne, CA",112.2
"Ventura, CA",100.7
"Yolo, CA",96.5
"Yuba, CA",101.1
COLORADO,101.5
"Adams, CO",103.1
"Alamosa, CO",97
"Arapahoe, CO",97.6
"Archuleta, CO",99.9
"Baca, CO",97.2
"Bent, CO",189.1
"Boulder, CO",102.7
"Broomfield, CO",101.7
"Chaffee, CO",112
"Cheyenne, CO",96
"Clear Creek, CO",107.5
"Conejos, CO",96.1
"Costilla, CO",95.4
"Crowley, CO",298.9
"Custer, CO",99.4
"Delta, CO",99.6
"Denver, CO",102.6
"Dolores, CO",104.4
"Douglas, CO",100.5
"Eagle, CO",116.4
"Elbert, CO",100.8
"El Paso, CO",99.6
"Fremont, CO",132.7
"Garfield, CO",105.9
"Gilpin, CO",108
"Grand, CO",110.4
"Gunnison, CO",113.8
"Hinsdale, CO",96.9
"Huerfano, CO",125
"Jackson, CO",97
"Jefferson, CO",99.2
"Kiowa, CO",92.8
"Kit Carson, CO",143.7
"Lake, CO",111.9
"La Plata, CO",103.7
"Larimer, CO",99.8
"Las Animas, CO",101
"Lincoln, CO",137.3
"Logan, CO",117.2
"Mesa, CO",96.6
"Mineral, CO",101.3
"Moffat, CO",107.5
"Montezuma, CO",95.7
"Montrose, CO",97
"Morgan, CO",103.2
"Otero, CO",94.1
"Ouray, CO",100.3
"Park, CO",105.9
"Phillips, CO",91.6
"Pitkin, CO",111.7
"Prowers, CO",105.1
"Pueblo, CO",96.3
"Rio Blanco, CO",101
"Rio Grande, CO",94.4
"Routt, CO",114.3
"Saguache, CO",100.4
"San Juan, CO",103.3
"San Miguel, CO",117.2
"Sedgwick, CO",93.7
"Summit, CO",130.7
"Teller, CO",103.5
"Washington, CO",101
"Weld, CO",100.9
"Yuma, CO",95
CONNECTICUT,95.4
"Fairfield, CT",96.1
"Hartford, CT",94.1
"Litchfield, CT",96.8
"Middlesex, CT",95.8
"New Haven, CT",93.8
"New London, CT",96.7
"Tolland, CT",101.9
"Windham, CT",98
DELAWARE,94.3
"Kent, DE",92.1
"New Castle, DE",94.5
"Sussex, DE",95.7
DISTRICT OF COLUMBIA,89.4
District of Columbia,89.4
FLORIDA,96.9
"Alachua, FL",96
"Baker, FL",111
"Bay, FL",97.4
"Bradford, FL",132.5
"Brevard, FL",96.6
"Broward, FL",95
"Calhoun, FL",122.7
"Charlotte, FL",93.1
"Citrus, FL",92.3
"Clay, FL",97.6
"Collier, FL",103.3
"Columbia, FL",105.6
"DeSoto, FL",142
"Dixie, FL",116.1
"Duval, FL",93.8
"Escambia, FL",97.7
"Flagler, FL",94.7
"Franklin, FL",132.1
"Gadsden, FL",91.3
"Gilchrist, FL",109.1
"Glades, FL",126.9
"Gulf, FL",150
"Hamilton, FL",145.3
"Hardee, FL",129.1
"Hendry, FL",131.3
"Hernando, FL",92.4
"Highlands, FL",97.9
"Hillsborough, FL",97.3
"Holmes, FL",115.6
"Indian River, FL",96.1
"Jackson, FL",118.1
"Jefferson, FL",110.2
"Lafayette, FL",163.3
"Lake, FL",95.1
"Lee, FL",98.2
"Leon, FL",91.4
"Levy, FL",94.2
"Liberty, FL",148.8
"Madison, FL",111.1
"Manatee, FL",95.9
"Marion, FL",94.6
"Martin, FL",99.5
"Miami-Dade, FL",95.4
"Monroe, FL",114.4
"Nassau, FL",97.9
"Okaloosa, FL",98.9
"Okeechobee, FL",117.5
"Orange, FL",98.8
"Osceola, FL",99.5
"Palm Beach, FL",95.8
"Pasco, FL",94.9
"Pinellas, FL",92.7
"Polk, FL",97.8
"Putnam, FL",97
"St. Johns, FL",96.4
"St. Lucie, FL",97
"Santa Rosa, FL",101.1
"Sarasota, FL",93
"Seminole, FL",97.1
"Sumter, FL",117.2
"Suwannee, FL",97.9
"Taylor, FL",126.2
"Union, FL",181.1
"Volusia, FL",96.1
"Wakulla, FL",117.7
"Walton, FL",103.6
"Washington, FL",115.7
GEORGIA,96.8
"Appling, GA",98.4
"Atkinson, GA",97.4
"Bacon, GA",98.9
"Baker, GA",86.4
"Baldwin, GA",114.5
"Banks, GA",100.9
"Barrow, GA",98.1
"Bartow, GA",97.9
"Ben Hill, GA",92.4
"Berrien, GA",96.5
"Bibb, GA",85.1
"Bleckley, GA",100.4
"Brantley, GA",99.2
"Brooks, GA",92.2
"Bryan, GA",98
"Bulloch, GA",95.8
"Burke, GA",90
"Butts, GA",112.9
"Calhoun, GA",151
"Camden, GA",94
"Candler, GA",99.5
"Carroll, GA",95.8
"Catoosa, GA",93.9
"Charlton, GA",119
"Chatham, GA",91.5
"Chattahoochee, GA",172.2
"Chattooga, GA",107
"Cherokee, GA",100.3
"Clarke, GA",93.3
"Clay, GA",84.6
"Clayton, GA",94.1
"Clinch, GA",91.5
"Cobb, GA",98.6
"Coffee, GA",101.7
"Colquitt, GA",100.5
"Columbia, GA",94.9
"Cook, GA",93.6
"Coweta, GA",99.1
"Crawford, GA",99.9
"Crisp, GA",89.3
"Dade, GA",96.9
"Dawson, GA",99.2
"Decatur, GA",94.1
"DeKalb, GA",94.4
"Dodge, GA",109.5
"Dooly, GA",120.5
"Dougherty, GA",86.5
"Douglas, GA",95.8
"Early, GA",86.8
"Echols, GA",123.6
"Effingham, GA",99.6
"Elbert, GA",92.3
"Emanuel, GA",99.7
"Evans, GA",92.9
"Fannin, GA",93.2
"Fayette, GA",95.8
"Floyd, GA",95.1
"Forsyth, GA",102.8
"Franklin, GA",92.9
"Fulton, GA",97.1
"Gilmer, GA",102.4
"Glascock, GA",93.2
"Glynn, GA",93.5
"Gordon, GA",100.2
"Grady, GA",92.8
"Greene, GA",93.8
"Gwinnett, GA",101.3
"Habersham, GA",106.1
"Hall, GA",102.5
"Hancock, GA",116.3
"Haralson, GA",95.3
"Harris, GA",99
"Hart, GA",97.8
"Heard, GA",97
"Henry, GA",95.7
"Houston, GA",94.1
"Irwin, GA",103.6
"Jackson, GA",98
"Jasper, GA",95.3
"Jeff Davis, GA",98.1
"Jefferson, GA",91.6
"Jenkins, GA",93.9
"Johnson, GA",119.5
"Jones, GA",96.2
"Lamar, GA",91.7
"Lanier, GA",102.6
"Laurens, GA",92.8
"Lee, GA",101.1
"Liberty, GA",97.9
"Lincoln, GA",94.2
"Long, GA",93.7
"Lowndes, GA",97.6
"Lumpkin, GA",94.8
"McDuffie, GA",89
"McIntosh, GA",92.2
"Macon, GA",105.5
"Madison, GA",97.8
"Marion, GA",99.6
"Meriwether, GA",91.5
"Miller, GA",90.5
"Mitchell, GA",105.9
"Monroe, GA",104.3
"Montgomery, GA",104.3
"Morgan, GA",95.3
"Murray, GA",100.2
"Muscogee, GA",88.6
"Newton, GA",94.3
"Oconee, GA",97.1
"Oglethorpe, GA",94.9
"Paulding, GA",98.7
"Peach, GA",93.2
"Pickens, GA",96.5
"Pierce, GA",98.2
"Pike, GA",99
"Polk, GA",101.7
"Pulaski, GA",72.5
"Putnam, GA",95.7
"Quitman, GA",90.1
"Rabun, GA",98.9
"Randolph, GA",86.1
"Richmond, GA",89.5
"Rockdale, GA",98.8
"Schley, GA",95.4
"Screven, GA",93.6
"Seminole, GA",89.4
"Spalding, GA",94.9
"Stephens, GA",92.3
"Stewart, GA",94.1
"Sumter, GA",90.3
"Talbot, GA",88.9
"Taliaferro, GA",94
"Tattnall, GA",140.2
"Taylor, GA",96.9
"Telfair, GA",143.8
"Terrell, GA",93.3
"Thomas, GA",89.5
"Tift, GA",95.7
"Toombs, GA",92.3
"Towns, GA",92
"Treutlen, GA",101.7
"Troup, GA",94
"Turner, GA",92.8
"Twiggs, GA",90.3
"Union, GA",96.3
"Upson, GA",92.5
"Walker, GA",95.6
"Walton, GA",95
"Ware, GA",98.6
"Warren, GA",86.9
"Washington, GA",79.6
"Wayne, GA",108.5
"Webster, GA",103.5
"Wheeler, GA",159.9
"White, GA",97.5
"Whitfield, GA",99.9
"Wilcox, GA",142.1
"Wilkes, GA",91.8
"Wilkinson, GA",92.5
"Worth, GA",92.5
HAWAII,102.1
"Hawaii, HI",101
"Honolulu, HI",102.4
"Kalawao, HI",124.3
"Kauai, HI",100.8
"Maui, HI",102.4
IDAHO,100.8
"Ada, ID",101.4
"Adams, ID",101
"Bannock, ID",96.8
"Bear Lake, ID",97.5
"Benewah, ID",103.8
"Bingham, ID",100.1
"Blaine, ID",108.1
"Boise, ID",104
"Bonner, ID",100.2
"Bonneville, ID",100.4
"Boundary, ID",99.8
"Butte, ID",99.6
"Camas, ID",102.4
"Canyon, ID",99.9
"Caribou, ID",101.8
"Cassia, ID",101.2
"Clark, ID",97.5
"Clearwater, ID",118.8
"Custer, ID",105.7
"Elmore, ID",114.1
"Franklin, ID",103.2
"Fremont, ID",108.5
"Gem, ID",99.6
"Gooding, ID",108.9
"Idaho, ID",107.2
"Jefferson, ID",103.2
"Jerome, ID",105.4
"Kootenai, ID",98.4
"Latah, ID",104.6
"Lemhi, ID",99.2
"Lewis, ID",97.4
"Lincoln, ID",106.4
"Madison, ID",90.5
"Minidoka, ID",102.5
"Nez Perce, ID",95.9
"Oneida, ID",104.1
"Owyhee, ID",112.9
"Payette, ID",99.2
"Power, ID",99.6
"Shoshone, ID",100.1
"Teton, ID",111.1
"Twin Falls, ID",97.6
"Valley, ID",107.1
"Washington, ID",98.4
ILLINOIS,97.1
"Adams, IL",93.5
"Alexander, IL",93
"Bond, IL",116.3
"Boone, IL",102.2
"Brown, IL",186.8
"Bureau, IL",97.1
"Calhoun, IL",101.6
"Carroll, IL",98.8
"Cass, IL",102.2
"Champaign, IL",102.2
"Christian, IL",102.1
"Clark, IL",95.4
"Clay, IL",94.7
"Clinton, IL",107.4
"Coles, IL",91.7
"Cook, IL",94.8
"Crawford, IL",110.3
"Cumberland, IL",96.7
"DeKalb, IL",98.6
"De Witt, IL",97.9
"Douglas, IL",96.8
"DuPage, IL",98.4
"Edgar, IL",96.8
"Edwards, IL",95.7
"Effingham, IL",99.1
"Fayette, IL",105.1
"Ford, IL",94.6
"Franklin, IL",94
"Fulton, IL",106.9
"Gallatin, IL",94
"Greene, IL",95.9
"Grundy, IL",101.2
"Hamilton, IL",95.1
"Hancock, IL",94.7
"Hardin, IL",99.6
"Henderson, IL",96.9
"Henry, IL",98.4
"Iroquois, IL",97.7
"Jackson, IL",102
"Jasper, IL",101.2
"Jefferson, IL",105.3
"Jersey, IL",97.4
"Jo Daviess, IL",102.2
"Johnson, IL",153.8
"Kane, IL",102.6
"Kankakee, IL",95.9
"Kendall, IL",101.6
"Knox, IL",100.8
"Lake, IL",100.9
"LaSalle, IL",97.9
"Lawrence, IL",114.5
"Lee, IL",104
"Livingston, IL",99.3
"Logan, IL",101.6
"McDonough, IL",95.6
"McHenry, IL",101.3
"McLean, IL",94.6
"Macon, IL",91.7
"Macoupin, IL",96.8
"Madison, IL",94.2
"Marion, IL",93.5
"Marshall, IL",98.4
"Mason, IL",95.9
"Massac, IL",92.8
"Menard, IL",97.5
"Mercer, IL",98.8
"Monroe, IL",98.8
"Montgomery, IL",108.4
"Morgan, IL",100.4
"Moultrie, IL",95.6
"Ogle, IL",99.8
"Peoria, IL",93.4
"Perry, IL",116.6
"Piatt, IL",98.5
"Pike, IL",99.3
"Pope, IL",101.4
"Pulaski, IL",91.1
"Putnam, IL",100.1
"Randolph, IL",117.7
"Richland, IL",94.5
"Rock Island, IL",95.7
"St. Clair, IL",91.7
"Saline, IL",95.2
"Sangamon, IL",92
"Schuyler, IL",99.9
"Scott, IL",96.9
"Shelby, IL",99.2
"Stark, IL",94.6
"Stephenson, IL",93.5
"Tazewell, IL",98
"Union, IL",95.6
"Vermilion, IL",98
"Wabash, IL",96.8
"Warren, IL",94.9
"Washington, IL",99.2
"Wayne, IL",96.7
"White, IL",92.1
"Whiteside, IL",96.9
"Will, IL",100.9
"Williamson, IL",95.4
"Winnebago, IL",97
"Woodford, IL",98.3
INDIANA,97.1
"Adams, IN",99.1
"Allen, IN",96.3
"Bartholomew, IN",97.5
"Benton, IN",99.7
"Blackford, IN",99.2
"Boone, IN",97.1
"Brown, IN",101.9
"Carroll, IN",101.2
"Cass, IN",103.3
"Clark, IN",95.9
"Clay, IN",95.7
"Clinton, IN",98
"Crawford, IN",100
"Daviess, IN",99.4
"Dearborn, IN",98.2
"Decatur, IN",97.7
"DeKalb, IN",100.1
"Delaware, IN",91.9
"Dubois, IN",98.7
"Elkhart, IN",100.1
"Fayette, IN",94.3
"Floyd, IN",93.7
"Fountain, IN",99.8
"Franklin, IN",99.8
"Fulton, IN",97.9
"Gibson, IN",97.9
"Grant, IN",92.2
"Greene, IN",98.2
"Hamilton, IN",97.9
"Hancock, IN",98.4
"Harrison, IN",98.6
"Hendricks, IN",101.3
"Henry, IN",102.1
"Howard, IN",93.7
"Huntington, IN",94.9
"Jackson, IN",99.5
"Jasper, IN",99.5
"Jay, IN",97.4
"Jefferson, IN",99.7
"Jennings, IN",98.4
"Johnson, IN",96.8
"Knox, IN",98.5
"Kosciusko, IN",100.2
"LaGrange, IN",102.5
"Lake, IN",92.7
"LaPorte, IN",105.9
"Lawrence, IN",95.8
"Madison, IN",99.5
"Marion, IN",94
"Marshall, IN",99.6
"Martin, IN",104.3
"Miami, IN",114.8
"Monroe, IN",95.8
"Montgomery, IN",101.6
"Morgan, IN",99.4
"Newton, IN",99.7
"Noble, IN",103
"Ohio, IN",98.5
"Orange, IN",97.2
"Owen, IN",98.9
"Parke, IN",88.5
"Perry, IN",113.3
"Pike, IN",101.1
"Porter, IN",97.6
"Posey, IN",100.1
"Pulaski, IN",101.7
"Putnam, IN",111.6
"Randolph, IN",96.5
"Ripley, IN",98.8
"Rush, IN",97
"St. Joseph, IN",93.6
"Scott, IN",97.8
"Shelby, IN",100.1
"Spencer, IN",101.4
"Starke, IN",97.5
"Steuben, IN",101.8
"Sullivan, IN",117.5
"Switzerland, IN",101.2
"Tippecanoe, IN",105.3
"Tipton, IN",97.3
"Union, IN",97.5
"Vanderburgh, IN",90.5
"Vermillion, IN",97.2
"Vigo, IN",100.5
"Wabash, IN",94.4
"Warren, IN",102.1
"Warrick, IN",98.2
"Washington, IN",100.6
"Wayne, IN",92.6
"Wells, IN",98.3
"White, IN",98.1
"Whitley, IN",99.7
IOWA,97.6
"Adair, IA",95.7
"Adams, IA",98.7
"Allamakee, IA",105.6
"Appanoose, IA",92.8
"Audubon, IA",93
"Benton, IA",100.9
"Black Hawk, IA",93.2
"Boone, IA",97.8
"Bremer, IA",96.1
"Buchanan, IA",100.2
"Buena Vista, IA",103.7
"Butler, IA",99.5
"Calhoun, IA",103.1
"Carroll, IA",96.9
"Cass, IA",97.3
"Cedar, IA",98.6
"Cerro Gordo, IA",93.7
"Cherokee, IA",96.6
"Chickasaw, IA",100.6
"Clarke, IA",98.2
"Clay, IA",96.3
"Clayton, IA",99.5
"Clinton, IA",95.2
"Crawford, IA",103.4
"Dallas, IA",100.5
"Davis, IA",100.2
"Decatur, IA",97.3
"Delaware, IA",100.6
"Des Moines, IA",94.7
"Dickinson, IA",97.4
"Dubuque, IA",95.7
"Emmet, IA",98.8
"Fayette, IA",100.3
"Floyd, IA",95.7
"Franklin, IA",104
"Fremont, IA",100.6
"Greene, IA",96
"Grundy, IA",98.4
"Guthrie, IA",100
"Hamilton, IA",99.6
"Hancock, IA",98.9
"Hardin, IA",97.6
"Harrison, IA",97.1
"Henry, IA",105
"Howard, IA",99.3
"Humboldt, IA",99.4
"Ida, IA",95.1
"Iowa, IA",96.9
"Jackson, IA",98.6
"Jasper, IA",104.7
"Jefferson, IA",98.3
"Johnson, IA",96.9
"Jones, IA",112
"Keokuk, IA",96.9
"Kossuth, IA",97.7
"Lee, IA",99.8
"Linn, IA",96.6
"Louisa, IA",100.6
"Lucas, IA",96.8
"Lyon, IA",100.8
"Madison, IA",100.7
"Mahaska, IA",101.9
"Marion, IA",99.9
"Marshall, IA",99.1
"Mills, IA",102.8
"Mitchell, IA",97.6
"Monona, IA",95.7
"Monroe, IA",97.2
"Montgomery, IA",93.1
"Muscatine, IA",99.4
"O'Brien, IA",99.2
"Osceola, IA",98.4
"Page, IA",106.2
"Palo Alto, IA",96.8
"Plymouth, IA",100.5
"Pocahontas, IA",97.7
"Polk, IA",95.2
"Pottawattamie, IA",96.3
"Poweshiek, IA",94.8
"Ringgold, IA",96
"Sac, IA",97.4
"Scott, IA",96.3
"Shelby, IA",98
"Sioux, IA",97.9
"Story, IA",104.5
"Tama, IA",99.7
"Taylor, IA",97.1
"Union, IA",94.8
"Van Buren, IA",100.3
"Wapello, IA",96.5
"Warren, IA",97.3
"Washington, IA",95.6
"Wayne, IA",91
"Webster, IA",103.7
"Winnebago, IA",96.2
"Winneshiek, IA",98.4
"Woodbury, IA",96.5
"Worth, IA",100.3
"Wright, IA",99.8
KANSAS,98.7
"Allen, KS",96.5
"Anderson, KS",99
"Atchison, KS",95.1
"Barber, KS",97.7
"Barton, KS",96
"Bourbon, KS",94.8
"Brown, KS",94.5
"Butler, KS",102.5
"Chase, KS",102.3
"Chautauqua, KS",93.2
"Cherokee, KS",95.9
"Cheyenne, KS",100.3
"Clark, KS",98.9
"Clay, KS",100.9
"Cloud, KS",93.2
"Coffey, KS",98
"Comanche, KS",92.1
"Cowley, KS",95.9
"Crawford, KS",96.5
"Decatur, KS",96.9
"Dickinson, KS",97
"Doniphan, KS",97.7
"Douglas, KS",98.5
"Edwards, KS",101.6
"Elk, KS",93.5
"Ellis, KS",95.7
"Ellsworth, KS",117.6
"Finney, KS",104
"Ford, KS",107.9
"Franklin, KS",100.3
"Geary, KS",95.6
"Gove, KS",92.8
"Graham, KS",97.6
"Grant, KS",100.4
"Gray, KS",102.3
"Greeley, KS",92.5
"Greenwood, KS",98
"Hamilton, KS",104.8
"Harper, KS",98.2
"Harvey, KS",96.8
"Haskell, KS",105
"Hodgeman, KS",97.1
"Jackson, KS",99.9
"Jefferson, KS",103.2
"Jewell, KS",102
"Johnson, KS",97.5
"Kearny, KS",107.5
"Kingman, KS",98.9
"Kiowa, KS",100.2
"Labette, KS",98.4
"Lane, KS",97.7
"Leavenworth, KS",111.6
"Lincoln, KS",98.8
"Linn, KS",100.5
"Logan, KS",98.1
"Lyon, KS",97.3
"McPherson, KS",97.5
"Marion, KS",96.5
"Marshall, KS",98.8
"Meade, KS",103.7
"Miami, KS",100.3
"Mitchell, KS",98.9
"Montgomery, KS",93.4
"Morris, KS",98.3
"Morton, KS",91.1
"Nemaha, KS",99.2
"Neosho, KS",95.3
"Ness, KS",99.6
"Norton, KS",126.1
"Osage, KS",98.1
"Osborne, KS",101
"Ottawa, KS",102.5
"Pawnee, KS",119.1
"Phillips, KS",98.8
"Pottawatomie, KS",99
"Pratt, KS",95.9
"Rawlins, KS",97.3
"Reno, KS",101.2
"Republic, KS",96.6
"Rice, KS",94.5
"Riley, KS",109.7
"Rooks, KS",99.4
"Rush, KS",94.6
"Russell, KS",94.5
"Saline, KS",98.4
"Scott, KS",98.6
"Sedgwick, KS",98.1
"Seward, KS",107.9
"Shawnee, KS",94.4
"Sheridan, KS",97
"Sherman, KS",107.2
"Smith, KS",95.3
"Stafford, KS",96.2
"Stanton, KS",104.8
"Stevens, KS",97.9
"Sumner, KS",98.5
"Thomas, KS",95
"Trego, KS",94.9
"Wabaunsee, KS",103.2
"Wallace, KS",99.2
"Washington, KS",102.7
"Wichita, KS",103.2
"Wilson, KS",95.7
"Woodson, KS",96.8
"Wyandotte, KS",95.9
KENTUCKY,96.4
"Adair, KY",96.8
"Allen, KY",96
"Anderson, KY",97.6
"Ballard, KY",99.7
"Barren, KY",94.4
"Bath, KY",97.8
"Bell, KY",92.4
"Boone, KY",98.3
"Bourbon, KY",96.8
"Boyd, KY",99.3
"Boyle, KY",100.1
"Bracken, KY",99.3
"Breathitt, KY",97.6
"Breckinridge, KY",99.2
"Bullitt, KY",98.3
"Butler, KY",100.5
"Caldwell, KY",93.3
"Calloway, KY",95.5
"Campbell, KY",93.8
"Carlisle, KY",97.1
"Carroll, KY",102.1
"Carter, KY",97.1
"Casey, KY",96.5
"Christian, KY",99.7
"Clark, KY",95.5
"Clay, KY",113.2
"Clinton, KY",93
"Crittenden, KY",94
"Cumberland, KY",94
"Daviess, KY",93.8
"Edmonson, KY",98.7
"Elliott, KY",111.9
"Estill, KY",94.1
"Fayette, KY",97.4
"Fleming, KY",95.8
"Floyd, KY",97.8
"Franklin, KY",94.8
"Fulton, KY",86.4
"Gallatin, KY",98.3
"Garrard, KY",98.2
"Grant, KY",97.4
"Graves, KY",95.7
"Grayson, KY",98.4
"Green, KY",98.7
"Greenup, KY",92.9
"Hancock, KY",98.1
"Hardin, KY",97.9
"Harlan, KY",92.8
"Harrison, KY",96.8
"Hart, KY",98.4
"Henderson, KY",94.3
"Henry, KY",98.9
"Hickman, KY",93.2
"Hopkins, KY",92.7
"Jackson, KY",97.8
"Jefferson, KY",92.8
"Jessamine, KY",96.1
"Johnson, KY",94
"Kenton, KY",97.2
"Knott, KY",96.6
"Knox, KY",93.4
"Larue, KY",96.1
"Laurel, KY",95.9
"Lawrence, KY",98.5
"Lee, KY",109.6
"Leslie, KY",93.9
"Letcher, KY",96.2
"Lewis, KY",98.1
"Lincoln, KY",96
"Livingston, KY",97.2
"Logan, KY",94.3
"Lyon, KY",140.3
"McCracken, KY",91.6
"McCreary, KY",102.2
"McLean, KY",96.2
"Madison, KY",93.8
"Magoffin, KY",98.1
"Marion, KY",103.6
"Marshall, KY",96.9
"Martin, KY",121.1
"Mason, KY",94
"Meade, KY",98.4
"Menifee, KY",98.1
"Mercer, KY",95.9
"Metcalfe, KY",95.6
"Monroe, KY",96.6
"Montgomery, KY",95.3
"Morgan, KY",127.2
"Muhlenberg, KY",99.8
"Nelson, KY",97.7
"Nicholas, KY",95.9
"Ohio, KY",98
"Oldham, KY",114.4
"Owen, KY",99.2
"Owsley, KY",98.3
"Pendleton, KY",101.1
"Perry, KY",95.3
"Pike, KY",95
"Powell, KY",97.9
"Pulaski, KY",94.8
"Robertson, KY",99.2
"Rockcastle, KY",96.4
"Rowan, KY",95.3
"Russell, KY",93.8
"Scott, KY",96.2
"Shelby, KY",99.5
"Simpson, KY",95.7
"Spencer, KY",101.7
"Taylor, KY",93.4
"Todd, KY",96.8
"Trigg, KY",95.8
"Trimble, KY",97.5
"Union, KY",103.3
"Warren, KY",96.3
"Washington, KY",98.4
"Wayne, KY",97.4
"Webster, KY",96.9
"Whitley, KY",93.7
"Wolfe, KY",95.3
"Woodford, KY",96.1
LOUISIANA,94.7
"Acadia, LA",94.8
"Allen, LA",127.1
"Ascension, LA",98.4
"Assumption, LA",94.9
"Avoyelles, LA",96.8
"Beauregard, LA",101.3
"Bienville, LA",92.1
"Bossier, LA",96.3
"Caddo, LA",90.6
"Calcasieu, LA",95.3
"Caldwell, LA",103.6
"Cameron, LA",108.4
"Catahoula, LA",102.2
"Claiborne, LA",108.8
"Concordia, LA",96.2
"De Soto, LA",92.4
"East Baton Rouge, LA",92.9
"East Carroll, LA",108
"East Feliciana, LA",115.4
"Evangeline, LA",100
"Franklin, LA",92.5
"Grant, LA",96.7
"Iberia, LA",93.5
"Iberville, LA",100.9
"Jackson, LA",93.3
"Jefferson, LA",92.9
"Jefferson Davis, LA",93.8
"Lafayette, LA",94.8
"Lafourche, LA",95.3
"La Salle, LA",103.7
"Lincoln, LA",96.1
"Livingston, LA",98.3
"Madison, LA",96.8
"Morehouse, LA",91.9
"Natchitoches, LA",91.9
"Orleans, LA",88.9
"Ouachita, LA",90.6
"Plaquemines, LA",100.9
"Pointe Coupee, LA",95.1
"Rapides, LA",93.4
"Red River, LA",91.3
"Richland, LA",89.4
"Sabine, LA",96.6
"St. Bernard, LA",95
"St. Charles, LA",96.1
"St. Helena, LA",93.2
"St. James, LA",93.6
"St. John the Baptist, LA",94.8
"St. Landry, LA",92.9
"St. Martin, LA",96.7
"St. Mary, LA",95.4
"St. Tammany, LA",96.2
"Tangipahoa, LA",93.6
"Tensas, LA",101.6
"Terrebonne, LA",97.1
"Union, LA",94.1
"Vermilion, LA",95.2
"Vernon, LA",103.1
"Washington, LA",95.5
"Webster, LA",93.6
"West Baton Rouge, LA",97.3
"West Carroll, LA",104.6
"West Feliciana, LA",193.4
"Winn, LA",113.3
MAINE,95.4
"Androscoggin, ME",95.4
"Aroostook, ME",95.5
"Cumberland, ME",95
"Franklin, ME",93.8
"Hancock, ME",96.5
"Kennebec, ME",94.9
"Knox, ME",97.8
"Lincoln, ME",95.5
"Oxford, ME",95.4
"Penobscot, ME",95.7
"Piscataquis, ME",97.4
"Sagadahoc, ME",96.1
"Somerset, ME",96.1
"Waldo, ME",96.2
"Washington, ME",94.7
"York, ME",94.9
MARYLAND,94.1
"Allegany, MD",103
"Anne Arundel, MD",98.6
"Baltimore, MD",90.7
"Calvert, MD",97.3
"Caroline, MD",96.2
"Carroll, MD",98
"Cecil, MD",98
"Charles, MD",94.8
"Dorchester, MD",89.8
"Frederick, MD",97.7
"Garrett, MD",97.6
"Harford, MD",95.9
"Howard, MD",97.1
"Kent, MD",90.7
"Montgomery, MD",94.1
"Prince George's, MD",93.1
"Queen Anne's, MD",98.4
"St. Mary's, MD",99
"Somerset, MD",115.5
"Talbot, MD",91.4
"Washington, MD",103.2
"Wicomico, MD",91.4
"Worcester, MD",93.9
"Baltimore city, MD",87.2
MASSACHUSETTS,94.6
"Barnstable, MA",89.8
"Berkshire, MA",93.4
"Bristol, MA",93.8
"Dukes, MA",96.6
"Essex, MA",94.2
"Franklin, MA",96.2
"Hampden, MA",93.5
"Hampshire, MA",88.8
"Middlesex, MA",95.7
"Nantucket, MA",105.5
"Norfolk, MA",93.2
"Plymouth, MA",96.4
"Suffolk, MA",93.6
"Worcester, MA",97.3
MICHIGAN,96.8
"Alcona, MI",101.6
"Alger, MI",111.2
"Allegan, MI",100.2
"Alpena, MI",95
"Antrim, MI",99.6
"Arenac, MI",104.8
"Baraga, MI",118.4
"Barry, MI",100
"Bay, MI",94.7
"Benzie, MI",98.4
"Berrien, MI",94.4
"Branch, MI",104.2
"Calhoun, MI",94.9
"Cass, MI",99.7
"Charlevoix, MI",96.9
"Cheboygan, MI",98.1
"Chippewa, MI",129
"Clare, MI",95.9
"Clinton, MI",99.4
"Crawford, MI",107.2
"Delta, MI",97.2
"Dickinson, MI",97.1
"Eaton, MI",95.3
"Emmet, MI",97.5
"Genesee, MI",92.7
"Gladwin, MI",97.5
"Gogebic, MI",111.8
"Grand Traverse, MI",97.6
"Gratiot, MI",112.4
"Hillsdale, MI",99.4
"Houghton, MI",117.3
"Huron, MI",98.7
"Ingham, MI",93.6
"Ionia, MI",115.9
"Iosco, MI",95.2
"Iron, MI",100.3
"Isabella, MI",89.9
"Jackson, MI",103.9
"Kalamazoo, MI",94
"Kalkaska, MI",100.3
"Kent, MI",97.7
"Keweenaw, MI",110.5
"Lake, MI",101.4
"Lapeer, MI",104
"Leelanau, MI",100.7
"Lenawee, MI",100.8
"Livingston, MI",102.4
"Luce, MI",130.9
"Mackinac, MI",99
"Macomb, MI",96.4
"Manistee, MI",106.4
"Marquette, MI",100.8
"Mason, MI",96.1
"Mecosta, MI",102
"Menominee, MI",98.6
"Midland, MI",96.8
"Missaukee, MI",100.4
"Monroe, MI",98.8
"Montcalm, MI",106.3
"Montmorency, MI",96.3
"Muskegon, MI",99.3
"Newaygo, MI",99.5
"Oakland, MI",96.5
"Oceana, MI",101.9
"Ogemaw, MI",98.4
"Ontonagon, MI",102.7
"Osceola, MI",97.1
"Oscoda, MI",94.9
"Otsego, MI",97.9
"Ottawa, MI",96.9
"Presque Isle, MI",98.9
"Roscommon, MI",96.1
"Saginaw, MI",92.8
"St. Clair, MI",97.9
"St. Joseph, MI",98.5
"Sanilac, MI",99.5
"Schoolcraft, MI",96.7
"Shiawassee, MI",97.7
"Tuscola, MI",99.6
"Van Buren, MI",98.8
"Washtenaw, MI",99.2
"Wayne, MI",92.7
"Wexford, MI",98.3
MINNESOTA,99.1
"Aitkin, MN",101.9
"Anoka, MN",102.1
"Becker, MN",100.1
"Beltrami, MN",96.4
"Benton, MN",98.7
"Big Stone, MN",93.8
"Blue Earth, MN",100.2
"Brown, MN",100.3
"Carlton, MN",103.3
"Carver, MN",101.7
"Cass, MN",100.4
"Chippewa, MN",97.7
"Chisago, MN",107.1
"Clay, MN",94.4
"Clearwater, MN",100.1
"Cook, MN",100.7
"Cottonwood, MN",98.1
"Crow Wing, MN",97.1
"Dakota, MN",98.4
"Dodge, MN",99.5
"Douglas, MN",99.6
"Faribault, MN",100.4
"Fillmore, MN",99.4
"Freeborn, MN",98
"Goodhue, MN",99.5
"Grant, MN",97.3
"Hennepin, MN",98.1
"Houston, MN",98.2
"Hubbard, MN",99.9
"Isanti, MN",101.3
"Itasca, MN",100.3
"Jackson, MN",102.1
"Kanabec, MN",102.8
"Kandiyohi, MN",98.7
"Kittson, MN",94.3
"Koochiching, MN",98.1
"Lac qui Parle, MN",98.4
"Lake, MN",99.1
"Lake of the Woods, MN",98.5
"Le Sueur, MN",101.6
"Lincoln, MN",97.4
"Lyon, MN",98
"McLeod, MN",99.3
"Mahnomen, MN",102.7
"Marshall, MN",102.8
"Martin, MN",97
"Meeker, MN",103
"Mille Lacs, MN",98.1
"Morrison, MN",101.6
"Mower, MN",99.9
"Murray, MN",98.8
"Nicollet, MN",101.1
"Nobles, MN",104
"Norman, MN",98.8
"Olmsted, MN",97.6
"Otter Tail, MN",99.9
"Pennington, MN",97.4
"Pine, MN",111.3
"Pipestone, MN",93.5
"Polk, MN",99.1
"Pope, MN",99.1
"Ramsey, MN",93.1
"Red Lake, MN",100.8
"Redwood, MN",102
"Renville, MN",102.7
"Rice, MN",102.7
"Rock, MN",97.5
"Roseau, MN",105
"St. Louis, MN",98
"Scott, MN",101.6
"Sherburne, MN",104.8
"Sibley, MN",102.3
"Stearns, MN",100.9
"Steele, MN",98.8
"Stevens, MN",95.1
"Swift, MN",133.9
"Todd, MN",104.3
"Traverse, MN",97.2
"Wabasha, MN",101.2
"Wadena, MN",97.6
"Waseca, MN",104.5
"Washington, MN",100.1
"Watonwan, MN",96.3
"Wilkin, MN",99.2
"Winona, MN",96.4
"Wright, MN",102.4
"Yellow Medicine, MN",100.3
MISSISSIPPI,94.1
"Adams, MS",85.4
"Alcorn, MS",95
"Amite, MS",92.4
"Attala, MS",89
"Benton, MS",93.5
"Bolivar, MS",88.5
"Calhoun, MS",94.1
"Carroll, MS",99.9
"Chickasaw, MS",94.8
"Choctaw, MS",93.9
"Claiborne, MS",86.5
"Clarke, MS",92.4
"Clay, MS",88.6
"Coahoma, MS",85.4
"Copiah, MS",92.7
"Covington, MS",90.8
"DeSoto, MS",98.2
"Forrest, MS",90.3
"Franklin, MS",91
"George, MS",102.2
"Greene, MS",150.9
"Grenada, MS",88.5
"Hancock, MS",98
"Harrison, MS",96.5
"Hinds, MS",89.5
"Holmes, MS",89.9
"Humphreys, MS",89
"Issaquena, MS",129.6
"Itawamba, MS",95.6
"Jackson, MS",96.9
"Jasper, MS",91.9
"Jefferson, MS",102.4
"Jefferson Davis, MS",90.2
"Jones, MS",97.4
"Kemper, MS",98
"Lafayette, MS",95.2
"Lamar, MS",94.6
"Lauderdale, MS",93.3
"Lawrence, MS",93.1
"Leake, MS",100.8
"Lee, MS",93.2
"Leflore, MS",93.2
"Lincoln, MS",93.1
"Lowndes, MS",88.5
"Madison, MS",90.6
"Marion, MS",94.1
"Marshall, MS",97.1
"Monroe, MS",90
"Montgomery, MS",89.1
"Neshoba, MS",92.3
"Newton, MS",91.8
"Noxubee, MS",92.4
"Oktibbeha, MS",100.5
"Panola, MS",92.7
"Pearl River, MS",94.7
"Perry, MS",95
"Pike, MS",88.8
"Pontotoc, MS",96.2
"Prentiss, MS",93.9
"Quitman, MS",89.2
"Rankin, MS",96.1
"Scott, MS",99.9
"Sharkey, MS",90.8
"Simpson, MS",95.9
"Smith, MS",94.8
"Stone, MS",100.3
"Sunflower, MS",113.8
"Tallahatchie, MS",86.4
"Tate, MS",95.2
"Tippah, MS",95.1
"Tishomingo, MS",92.4
"Tunica, MS",89.3
"Union, MS",94.7
"Walthall, MS",92.1
"Warren, MS",88.9
"Washington, MS",87.5
"Wayne, MS",90.7
"Webster, MS",95
"Wilkinson, MS",111.7
"Winston, MS",94.9
"Yalobusha, MS",90.8
"Yazoo, MS",115.6
MISSOURI,95.6
"Adair, MO",89.2
"Andrew, MO",96.3
"Atchison, MO",100.3
"Audrain, MO",81.9
"Barry, MO",98.8
"Barton, MO",98.3
"Bates, MO",94.8
"Benton, MO",97
"Bollinger, MO",96.5
"Boone, MO",93.4
"Buchanan, MO",97.9
"Butler, MO",92.1
"Caldwell, MO",99.1
"Callaway, MO",105.9
"Camden, MO",98.1
"Cape Girardeau, MO",93.6
"Carroll, MO",95.9
"Carter, MO",96.6
"Cass, MO",97.1
"Cedar, MO",95.8
"Chariton, MO",94.2
"Christian, MO",96.1
"Clark, MO",98.1
"Clay, MO",95.5
"Clinton, MO",95.5
"Cole, MO",102.8
"Cooper, MO",116.1
"Crawford, MO",98.1
"Dade, MO",99.6
"Dallas, MO",99.3
"Daviess, MO",94.7
"DeKalb, MO",169.6
"Dent, MO",95.8
"Douglas, MO",98.4
"Dunklin, MO",90.9
"Franklin, MO",98.8
"Gasconade, MO",96
"Gentry, MO",98.4
"Greene, MO",94.3
"Grundy, MO",92.2
"Harrison, MO",95.6
"Henry, MO",96.4
"Hickory, MO",92.7
"Holt, MO",101.2
"Howard, MO",94.3
"Howell, MO",93.6
"Iron, MO",94.3
"Jackson, MO",94.1
"Jasper, MO",94.9
"Jefferson, MO",99.1
"Johnson, MO",98.6
"Knox, MO",92.4
"Laclede, MO",97.2
"Lafayette, MO",97.3
"Lawrence, MO",97.6
"Lewis, MO",98.2
"Lincoln, MO",99
"Linn, MO",90.7
"Livingston, MO",85.9
"McDonald, MO",103.4
"Macon, MO",97.3
"Madison, MO",92
"Maries, MO",100.7
"Marion, MO",91.2
"Mercer, MO",97
"Miller, MO",97.6
"Mississippi, MO",95.1
"Moniteau, MO",115.2
"Monroe, MO",97.8
"Montgomery, MO",99
"Morgan, MO",96
"New Madrid, MO",92.9
"Newton, MO",97
"Nodaway, MO",101.1
"Oregon, MO",97.1
"Osage, MO",104.4
"Ozark, MO",96.8
"Pemiscot, MO",88.6
"Perry, MO",100.9
"Pettis, MO",96.8
"Phelps, MO",104.3
"Pike, MO",123.6
"Platte, MO",98
"Polk, MO",94.9
"Pulaski, MO",110
"Putnam, MO",96.5
"Ralls, MO",100.5
"Randolph, MO",107.7
"Ray, MO",101
"Reynolds, MO",102
"Ripley, MO",95.7
"St. Charles, MO",97.2
"St. Clair, MO",99.4
"Ste. Genevieve, MO",101.8
"St. Francois, MO",112.4
"St. Louis, MO",91
"Saline, MO",99.7
"Schuyler, MO",95.6
"Scotland, MO",97.2
"Scott, MO",93.3
"Shannon, MO",96
"Shelby, MO",94.2
"Stoddard, MO",93.7
"Stone, MO",95.7
"Sullivan, MO",102.2
"Taney, MO",94.2
"Texas, MO",103.2
"Vernon, MO",93.7
"Warren, MO",99
"Washington, MO",106
"Wayne, MO",97.2
"Webster, MO",100.8
"Worth, MO",101.6
"Wright, MO",94.3
"St. Louis city, MO",90.3
MONTANA,100.2
"Beaverhead, MT",105.6
"Big Horn, MT",97.5
"Blaine, MT",97.9
"Broadwater, MT",103.7
"Carbon, MT",101.2
"Carter, MT",99
"Cascade, MT",97.9
"Chouteau, MT",100
"Custer, MT",97.4
"Daniels, MT",92.4
"Dawson, MT",99.7
"Deer Lodge, MT",103
"Fallon, MT",99.2
"Fergus, MT",96.3
"Flathead, MT",100
"Gallatin, MT",107.4
"Garfield, MT",111.4
"Glacier, MT",97.6
"Golden Valley, MT",108.5
"Granite, MT",104
"Hill, MT",101.6
"Jefferson, MT",100.8
"Judith Basin, MT",105.5
"Lake, MT",96.9
"Lewis and Clark, MT",98.8
"Liberty, MT",98
"Lincoln, MT",102.6
"McCone, MT",99.3
"Madison, MT",104.5
"Meagher, MT",101.5
"Mineral, MT",103.7
"Missoula, MT",100.9
"Musselshell, MT",94.5
"Park, MT",99.7
"Petroleum, MT",112.6
"Phillips, MT",101.1
"Pondera, MT",97.2
"Powder River, MT",96.9
"Powell, MT",159
"Prairie, MT",104.4
"Ravalli, MT",99.7
"Richland, MT",99.5
"Roosevelt, MT",96.6
"Rosebud, MT",99.3
"Sanders, MT",100
"Sheridan, MT",98
"Silver Bow, MT",98.9
"Stillwater, MT",107.1
"Sweet Grass, MT",105.3
"Teton, MT",95.2
"Toole, MT",114.8
"Treasure, MT",105.4
"Valley, MT",98.2
"Wheatland, MT",99
"Wibaux, MT",91.3
"Yellowstone, MT",96
"Yellowstone National Park, MT",0
NEBRASKA,98.5
"Adams, NE",97.4
"Antelope, NE",98.1
"Arthur, NE",92.6
"Banner, NE",111.4
"Blaine, NE",109.1
"Boone, NE",97.7
"Box Butte, NE",100.7
"Boyd, NE",94.4
"Brown, NE",97.9
"Buffalo, NE",96.6
"Burt, NE",95.5
"Butler, NE",105.3
"Cass, NE",98.7
"Cedar, NE",102.5
"Chase, NE",96.4
"Cherry, NE",100.5
"Cheyenne, NE",98
"Clay, NE",95.2
"Colfax, NE",111.5
"Cuming, NE",101.9
"Custer, NE",97.2
"Dakota, NE",100.1
"Dawes, NE",94.7
"Dawson, NE",104
"Deuel, NE",95.2
"Dixon, NE",99.7
"Dodge, NE",94.6
"Douglas, NE",97.5
"Dundy, NE",102.4
"Fillmore, NE",96.1
"Franklin, NE",92.9
"Frontier, NE",103.7
"Furnas, NE",91.8
"Gage, NE",96.7
"Garden, NE",95.4
"Garfield, NE",93.3
"Gosper, NE",100.4
"Grant, NE",109
"Greeley, NE",102.8
"Hall, NE",99.9
"Hamilton, NE",99.4
"Harlan, NE",98.3
"Hayes, NE",107.6
"Hitchcock, NE",94.6
"Holt, NE",96.7
"Hooker, NE",89.3
"Howard, NE",104.1
"Jefferson, NE",96.3
"Johnson, NE",129
"Kearney, NE",99.5
"Keith, NE",97.5
"Keya Paha, NE",97.1
"Kimball, NE",95
"Knox, NE",95.3
"Lancaster, NE",99.9
"Lincoln, NE",98
"Logan, NE",97.8
"Loup, NE",113.2
"McPherson, NE",105
"Madison, NE",99.7
"Merrick, NE",98.2
"Morrill, NE",99.1
"Nance, NE",106.3
"Nemaha, NE",97.2
"Nuckolls, NE",95.3
"Otoe, NE",98.7
"Pawnee, NE",94.5
"Perkins, NE",104.5
"Phelps, NE",99.2
"Pierce, NE",101.7
"Platte, NE",99.5
"Polk, NE",103
"Red Willow, NE",95.5
"Richardson, NE",94.4
"Rock, NE",96.5
"Saline, NE",102.3
"Sarpy, NE",99.2
"Saunders, NE",102.4
"Scotts Bluff, NE",92
"Seward, NE",105.6
"Sheridan, NE",97.4
"Sherman, NE",99
"Sioux, NE",113.5
"Stanton, NE",99.3
"Thayer, NE",95.6
"Thomas, NE",94.8
"Thurston, NE",97.8
"Valley, NE",91.5
"Washington, NE",101.8
"Wayne, NE",92.8
"Webster, NE",90.4
"Wheeler, NE",99.2
"York, NE",92.5
NEVADA,103.8
"Churchill, NV",97.8
"Clark, NV",103.6
"Douglas, NV",102.6
"Elko, NV",106.6
"Esmeralda, NV",110.8
"Eureka, NV",112.8
"Humboldt, NV",112.2
"Lander, NV",103.9
"Lincoln, NV",108.5
"Lyon, NV",103.8
"Mineral, NV",100.9
"Nye, NV",103.9
"Pershing, NV",163.7
"Storey, NV",107.6
"Washoe, NV",102.7
"White Pine, NV",130.7
"Carson City city, NV",107.2
NEW HAMPSHIRE,97.2
"Belknap, NH",96.4
"Carroll, NH",96.9
"Cheshire, NH",95.6
"Coos, NH",96.5
"Grafton, NH",96.9
"Hillsborough, NH",98.1
"Merrimack, NH",97.7
"Rockingham, NH",97.6
"Strafford, NH",94.5
"Sullivan, NH",97.7
NEW JERSEY,96.1
"Atlantic, NJ",94.7
"Bergen, NJ",95.2
"Burlington, NJ",98.4
"Camden, NJ",94.1
"Cape May, NJ",92.9
"Cumberland, NJ",107.1
"Essex, NJ",93.4
"Gloucester, NJ",95.2
"Hudson, NJ",98.5
"Hunterdon, NJ",100.2
"Mercer, NJ",97.3
"Middlesex, NJ",97.7
"Monmouth, NJ",96.3
"Morris, NJ",97.8
"Ocean, NJ",92.1
"Passaic, NJ",95.4
"Salem, NJ",95
"Somerset, NJ",97.9
"Sussex, NJ",99.3
"Union, NJ",95.7
"Warren, NJ",96.2
NEW MEXICO,98
"Bernalillo, NM",96.7
"Catron, NM",99.5
"Chaves, NM",98.8
"Cibola, NM",96.6
"Colfax, NM",103
"Curry, NM",98.4
"De Baca, NM",97.1
"Dona Ana, NM",98.5
"Eddy, NM",97.3
"Grant, NM",94.4
"Guadalupe, NM",134.3
"Harding, NM",105.9
"Hidalgo, NM",98.4
"Lea, NM",102.2
"Lincoln, NM",97
"Los Alamos, NM",103.7
"Luna, NM",94.4
"McKinley, NM",93.7
"Mora, NM",100.6
"Otero, NM",101
"Quay, NM",95.3
"Rio Arriba, NM",96.8
"Roosevelt, NM",97.9
"Sandoval, NM",96.5
"San Juan, NM",99.3
"San Miguel, NM",95.2
"Santa Fe, NM",98.6
"Sierra, NM",99
"Socorro, NM",102.6
"Taos, NM",97
"Torrance, NM",106.1
"Union, NM",98.9
"Valencia, NM",103.4
NEW YORK,94.6
"Albany, NY",93
"Allegany, NY",102
"Bronx, NY",88.7
"Broome, NY",94.1
"Cattaraugus, NY",96.9
"Cayuga, NY",103.2
"Chautauqua, NY",96.2
"Chemung, NY",99.1
"Chenango, NY",98.5
"Clinton, NY",104.6
"Columbia, NY",100.3
"Cortland, NY",93.7
"Delaware, NY",98.2
"Dutchess, NY",101.2
"Erie, NY",93
"Essex, NY",108.5
"Franklin, NY",121.8
"Fulton, NY",98.1
"Genesee, NY",98.4
"Greene, NY",107.6
"Hamilton, NY",98.4
"Herkimer, NY",95.7
"Jefferson, NY",104.2
"Kings, NY",89.9
"Lewis, NY",100.1
"Livingston, NY",100.3
"Madison, NY",97.7
"Monroe, NY",94.4
"Montgomery, NY",94.1
"Nassau, NY",95.1
"New York, NY",90.9
"Niagara, NY",94.4
"Oneida, NY",100
"Onondaga, NY",93.1
"Ontario, NY",97
"Orange, NY",102
"Orleans, NY",99.5
"Oswego, NY",98.2
"Otsego, NY",92.9
"Putnam, NY",102.1
"Queens, NY",94.8
"Rensselaer, NY",97.6
"Richmond, NY",95.4
"Rockland, NY",98.1
"St. Lawrence, NY",103.4
"Saratoga, NY",98
"Schenectady, NY",95.2
"Schoharie, NY",99.6
"Schuyler, NY",101.8
"Seneca, NY",107.7
"Steuben, NY",97.2
"Suffolk, NY",97.7
"Sullivan, NY",103.7
"Tioga, NY",98.6
"Tompkins, NY",99.7
"Ulster, NY",99.5
"Warren, NY",95.8
"Washington, NY",106.9
"Wayne, NY",98.7
"Westchester, NY",94.3
"Wyoming, NY",119.7
"Yates, NY",95.4
NORTH CAROLINA,95.8
"Alamance, NC",93
"Alexander, NC",103.4
"Alleghany, NC",100.3
"Anson, NC",105.8
"Ashe, NC",97.2
"Avery, NC",118
"Beaufort, NC",90.5
"Bertie, NC",94
"Bladen, NC",92.4
"Brunswick, NC",94.3
"Buncombe, NC",92.2
"Burke, NC",100.3
"Cabarrus, NC",96.6
"Caldwell, NC",97
"Camden, NC",95.6
"Carteret, NC",95
"Caswell, NC",102.5
"Catawba, NC",97.1
"Chatham, NC",96.5
"Cherokee, NC",92.4
"Chowan, NC",88.8
"Clay, NC",94
"Cleveland, NC",92
"Columbus, NC",91.4
"Craven, NC",95.4
"Cumberland, NC",93.8
"Currituck, NC",97.2
"Dare, NC",99.9
"Davidson, NC",96.2
"Davie, NC",96.8
"Duplin, NC",98.8
"Durham, NC",94.5
"Edgecombe, NC",88.4
"Forsyth, NC",92.4
"Franklin, NC",96.8
"Gaston, NC",93.8
"Gates, NC",96.5
"Graham, NC",94.7
"Granville, NC",116.3
"Greene, NC",118.6
"Guilford, NC",92.4
"Halifax, NC",90.8
"Harnett, NC",95.7
"Haywood, NC",92.4
"Henderson, NC",93.8
"Hertford, NC",94.1
"Hoke, NC",96
"Hyde, NC",126
"Iredell, NC",96.3
"Jackson, NC",95.4
"Johnston, NC",99.2
"Jones, NC",93.4
"Lee, NC",96.2
"Lenoir, NC",89.9
"Lincoln, NC",98.2
"McDowell, NC",98.8
"Macon, NC",90.9
"Madison, NC",97.2
"Martin, NC",86.4
"Mecklenburg, NC",96
"Mitchell, NC",97.9
"Montgomery, NC",102
"Moore, NC",91.9
"Nash, NC",92.2
"New Hanover, NC",93.4
"Northampton, NC",90.8
"Onslow, NC",125.1
"Orange, NC",90.6
"Pamlico, NC",101.8
"Pasquotank, NC",94.4
"Pender, NC",99.6
"Perquimans, NC",90.2
"Person, NC",93.1
"Pitt, NC",90.3
"Polk, NC",90
"Randolph, NC",97.2
"Richmond, NC",97.7
"Robeson, NC",95.3
"Rockingham, NC",93.5
"Rowan, NC",96.9
"Rutherford, NC",92.2
"Sampson, NC",98.3
"Scotland, NC",93.4
"Stanly, NC",97.7
"Stokes, NC",94.9
"Surry, NC",95.1
"Swain, NC",94.5
"Transylvania, NC",91.8
"Tyrrell, NC",129.6
"Union, NC",99
"Vance, NC",88.8
"Wake, NC",98
"Warren, NC",97
"Washington, NC",92
"Watauga, NC",99.6
"Wayne, NC",94.8
"Wilkes, NC",97.8
"Wilson, NC",92.2
"Yadkin, NC",96.9
"Yancey, NC",99.1
NORTH DAKOTA,101
"Adams, ND",91.4
"Barnes, ND",98.4
"Benson, ND",99.8
"Billings, ND",113.1
"Bottineau, ND",103.9
"Bowman, ND",95.7
"Burke, ND",103
"Burleigh, ND",96.7
"Cass, ND",102.9
"Cavalier, ND",100.1
"Dickey, ND",101.7
"Divide, ND",106.9
"Dunn, ND",104.6
"Eddy, ND",95.2
"Emmons, ND",100.5
"Foster, ND",99.6
"Golden Valley, ND",91.6
"Grand Forks, ND",104.8
"Grant, ND",103
"Griggs, ND",100
"Hettinger, ND",109.9
"Kidder, ND",105.5
"LaMoure, ND",100.7
"Logan, ND",99.6
"McHenry, ND",105.9
"McIntosh, ND",91.8
"McKenzie, ND",102.8
"McLean, ND",98.7
"Mercer, ND",102.6
"Morton, ND",101.1
"Mountrail, ND",97.5
"Nelson, ND",97.5
"Oliver, ND",111.5
"Pembina, ND",102.6
"Pierce, ND",94.5
"Ramsey, ND",99.6
"Ransom, ND",108.6
"Renville, ND",105.3
"Richland, ND",107.6
"Rolette, ND",96.2
"Sargent, ND",116.5
"Sheridan, ND",104
"Sioux, ND",103.6
"Slope, ND",117.8
"Stark, ND",97.6
"Steele, ND",108.5
"Stutsman, ND",101.2
"Towner, ND",100.5
"Traill, ND",102.8
"Walsh, ND",102.8
"Ward, ND",98
"Wells, ND",95.8
"Williams, ND",98.5
OHIO,95.3
"Adams, OH",96.5
"Allen, OH",98.6
"Ashland, OH",96.8
"Ashtabula, OH",96.7
"Athens, OH",95.2
"Auglaize, OH",96.8
"Belmont, OH",100.1
"Brown, OH",97.4
"Butler, OH",96.3
"Carroll, OH",99
"Champaign, OH",97.2
"Clark, OH",93.5
"Clermont, OH",97.3
"Clinton, OH",98.1
"Columbiana, OH",99.8
"Coshocton, OH",97.3
"Crawford, OH",93.9
"Cuyahoga, OH",90
"Darke, OH",96.8
"Defiance, OH",97.8
"Delaware, OH",99.2
"Erie, OH",95.7
"Fairfield, OH",99.6
"Fayette, OH",97.5
"Franklin, OH",95.6
"Fulton, OH",96.9
"Gallia, OH",95.1
"Geauga, OH",98.2
"Greene, OH",95
"Guernsey, OH",95.4
"Hamilton, OH",91.9
"Hancock, OH",95
"Hardin, OH",97.6
"Harrison, OH",95.1
"Henry, OH",99
"Highland, OH",95.7
"Hocking, OH",99.9
"Holmes, OH",100.1
"Huron, OH",96.7
"Jackson, OH",93.9
"Jefferson, OH",91.7
"Knox, OH",95.9
"Lake, OH",95.8
"Lawrence, OH",92.9
"Licking, OH",96
"Logan, OH",96.8
"Lorain, OH",97.3
"Lucas, OH",93.6
"Madison, OH",121.9
"Mahoning, OH",92.3
"Marion, OH",111.4
"Medina, OH",98.5
"Meigs, OH",94.9
"Mercer, OH",101.3
"Miami, OH",97.3
"Monroe, OH",97.5
"Montgomery, OH",92.5
"Morgan, OH",97.4
"Morrow, OH",100.6
"Muskingum, OH",92.1
"Noble, OH",140.1
"Ottawa, OH",98.3
"Paulding, OH",97.1
"Perry, OH",98.7
"Pickaway, OH",115.9
"Pike, OH",95
"Portage, OH",95.3
"Preble, OH",99.1
"Putnam, OH",100.1
"Richland, OH",103
"Ross, OH",111.2
"Sandusky, OH",96.7
"Scioto, OH",95.9
"Seneca, OH",99
"Shelby, OH",99.8
"Stark, OH",93.3
"Summit, OH",93.5
"Trumbull, OH",94.2
"Tuscarawas, OH",96.8
"Union, OH",91.9
"Van Wert, OH",95.6
"Vinton, OH",98
"Warren, OH",103.4
"Washington, OH",94.8
"Wayne, OH",98.5
"Williams, OH",99.4
"Wood, OH",95
"Wyandot, OH",97
OKLAHOMA,97.7
"Adair, OK",97.1
"Alfalfa, OK",142.7
"Atoka, OK",119
"Beaver, OK",105.3
"Beckham, OK",106.8
"Blaine, OK",146.1
"Bryan, OK",96.4
"Caddo, OK",107.2
"Canadian, OK",99.8
"Carter, OK",94.4
"Cherokee, OK",96.1
"Choctaw, OK",90.7
"Cimarron, OK",95.4
"Cleveland, OK",100.3
"Coal, OK",95.5
"Comanche, OK",105.4
"Cotton, OK",101.8
"Craig, OK",101.9
"Creek, OK",96.2
"Custer, OK",93.7
"Delaware, OK",97.2
"Dewey, OK",98.5
"Ellis, OK",99.7
"Garfield, OK",94.3
"Garvin, OK",94.6
"Grady, OK",96.5
"Grant, OK",95.4
"Greer, OK",134.2
"Harmon, OK",99.8
"Harper, OK",93.3
"Haskell, OK",96.8
"Hughes, OK",109.9
"Jackson, OK",96.9
"Jefferson, OK",96.2
"Johnston, OK",96.5
"Kay, OK",95.4
"Kingfisher, OK",98.3
"Kiowa, OK",98.8
"Latimer, OK",97.9
"Le Flore, OK",100.5
"Lincoln, OK",97.7
"Logan, OK",98.2
"Love, OK",98
"McClain, OK",98.9
"McCurtain, OK",93.1
"McIntosh, OK",91.2
"Major, OK",96.2
"Marshall, OK",97.1
"Mayes, OK",99.1
"Murray, OK",97.8
"Muskogee, OK",94.7
"Noble, OK",99.8
"Nowata, OK",99.3
"Okfuskee, OK",109.2
"Oklahoma, OK",95.1
"Okmulgee, OK",95.5
"Osage, OK",102.6
"Ottawa, OK",95.9
"Pawnee, OK",98.8
"Payne, OK",103.9
"Pittsburg, OK",103.8
"Pontotoc, OK",95.1
"Pottawatomie, OK",93.5
"Pushmataha, OK",92.6
"Roger Mills, OK",101
"Rogers, OK",97.5
"Seminole, OK",94.6
"Sequoyah, OK",96.1
"Stephens, OK",95.8
"Texas, OK",107.9
"Tillman, OK",96.9
"Tulsa, OK",95.9
"Wagoner, OK",98.7
"Washington, OK",96.1
"Washita, OK",94.4
"Woods, OK",108.7
"Woodward, OK",107.2
OREGON,98.4
"Baker, OR",98.6
"Benton, OR",98.6
"Clackamas, OR",99.1
"Clatsop, OR",96.5
"Columbia, OR",99.8
"Coos, OR",94.4
"Crook, OR",98.2
"Curry, OR",94.5
"Deschutes, OR",98.1
"Douglas, OR",95.6
"Gilliam, OR",104.6
"Grant, OR",99
"Harney, OR",104.9
"Hood River, OR",97.3
"Jackson, OR",94.2
"Jefferson, OR",99.6
"Josephine, OR",92.7
"Klamath, OR",99.8
"Lake, OR",100.9
"Lane, OR",96
"Lincoln, OR",93.4
"Linn, OR",97.9
"Malheur, OR",113.8
"Marion, OR",102.9
"Morrow, OR",103.8
"Multnomah, OR",97.5
"Polk, OR",94.4
"Sherman, OR",99.6
"Tillamook, OR",100.8
"Umatilla, OR",105.3
"Union, OR",96
"Wallowa, OR",99.4
"Wasco, OR",98
"Washington, OR",99.8
"Wheeler, OR",98.4
"Yamhill, OR",102.7
PENNSYLVANIA,94.9
"Adams, PA",97.5
"Allegheny, PA",91.5
"Armstrong, PA",96.2
"Beaver, PA",92.8
"Bedford, PA",97.9
"Berks, PA",97.5
"Blair, PA",93.1
"Bradford, PA",95.8
"Bucks, PA",97.3
"Butler, PA",96.1
"Cambria, PA",97.2
"Cameron, PA",100.1
"Carbon, PA",96.1
"Centre, PA",104.9
"Chester, PA",97.9
"Clarion, PA",93.5
"Clearfield, PA",105.8
"Clinton, PA",94.7
"Columbia, PA",92.2
"Crawford, PA",95
"Cumberland, PA",96.5
"Dauphin, PA",93.6
"Delaware, PA",93
"Elk, PA",99.7
"Erie, PA",96.6
"Fayette, PA",95.1
"Forest, PA",187.3
"Franklin, PA",95.7
"Fulton, PA",98.9
"Greene, PA",107.6
"Huntingdon, PA",111.2
"Indiana, PA",95.6
"Jefferson, PA",96.9
"Juniata, PA",98.8
"Lackawanna, PA",91.4
"Lancaster, PA",95.9
"Lawrence, PA",91.9
"Lebanon, PA",95.9
"Lehigh, PA",95.1
"Luzerne, PA",95.5
"Lycoming, PA",97
"McKean, PA",102.8
"Mercer, PA",96
"Mifflin, PA",94.8
"Monroe, PA",99.1
"Montgomery, PA",94.9
"Montour, PA",91.2
"Northampton, PA",96.4
"Northumberland, PA",98.4
"Perry, PA",99.4
"Philadelphia, PA",88.1
"Pike, PA",100.1
"Potter, PA",99.3
"Schuylkill, PA",102.4
"Snyder, PA",96.3
"Somerset, PA",103.4
"Sullivan, PA",100.4
"Susquehanna, PA",99.4
"Tioga, PA",95.7
"Union, PA",129.3
"Venango, PA",95.9
"Warren, PA",97.1
"Washington, PA",94.2
"Wayne, PA",103.9
"Westmoreland, PA",94.6
"Wyoming, PA",99.6
"York, PA",97.6
RHODE ISLAND,94.4
"Bristol, RI",94.3
"Kent, RI",93.5
"Newport, RI",94.4
"Providence, RI",94.5
"Washington, RI",95.1
SOUTH CAROLINA,94.9
"Abbeville, SC",92.9
"Aiken, SC",93.1
"Allendale, SC",114.4
"Anderson, SC",93.4
"Bamberg, SC",88.3
"Barnwell, SC",92.6
"Beaufort, SC",97.8
"Berkeley, SC",99.2
"Calhoun, SC",90.2
"Charleston, SC",93.4
"Cherokee, SC",95.1
"Chester, SC",92.4
"Chesterfield, SC",93
"Clarendon, SC",98.2
"Colleton, SC",90.4
"Darlington, SC",89.8
"Dillon, SC",87.9
"Dorchester, SC",96
"Edgefield, SC",116.3
"Fairfield, SC",89.9
"Florence, SC",89.1
"Georgetown, SC",93
"Greenville, SC",96.7
"Greenwood, SC",89.4
"Hampton, SC",103
"Horry, SC",96.3
"Jasper, SC",116.2
"Kershaw, SC",93.2
"Lancaster, SC",99.1
"Laurens, SC",94.3
"Lee, SC",110.2
"Lexington, SC",95.1
"McCormick, SC",117.2
"Marion, SC",87.4
"Marlboro, SC",112
"Newberry, SC",97.4
"Oconee, SC",96.5
"Orangeburg, SC",86.6
"Pickens, SC",100.8
"Richland, SC",92.7
"Saluda, SC",105.4
"Spartanburg, SC",95.1
"Sumter, SC",91.2
"Union, SC",89.3
"Williamsburg, SC",96.8
"York, SC",94.8
SOUTH DAKOTA,99.9
"Aurora, SD",109.3
"Beadle, SD",98.7
"Bennett, SD",99.8
"Bon Homme, SD",138.7
"Brookings, SD",103.8
"Brown, SD",94.6
"Brule, SD",93.2
"Buffalo, SD",102.3
"Butte, SD",99.4
"Campbell, SD",98.5
"Charles Mix, SD",98.1
"Clark, SD",98.8
"Clay, SD",94.7
"Codington, SD",100.7
"Corson, SD",98.8
"Custer, SD",106.2
"Davison, SD",96.3
"Day, SD",96.4
"Deuel, SD",101.5
"Dewey, SD",93.5
"Douglas, SD",96.2
"Edmunds, SD",98.5
"Fall River, SD",104.9
"Faulk, SD",98.9
"Grant, SD",100.7
"Gregory, SD",97.3
"Haakon, SD",100.1
"Hamlin, SD",101.8
"Hand, SD",98
"Hanson, SD",102.8
"Harding, SD",109.5
"Hughes, SD",93.9
"Hutchinson, SD",95.7
"Hyde, SD",110.1
"Jackson, SD",100
"Jerauld, SD",99.5
"Jones, SD",102.5
"Kingsbury, SD",97.8
"Lake, SD",102.8
"Lawrence, SD",99.1
"Lincoln, SD",103.1
"Lyman, SD",105.3
"McCook, SD",100
"McPherson, SD",95.3
"Marshall, SD",102.1
"Meade, SD",99.1
"Mellette, SD",105.8
"Miner, SD",101.7
"Minnehaha, SD",99.3
"Moody, SD",100.1
"Pennington, SD",99.4
"Perkins, SD",96.8
"Potter, SD",96.8
"Roberts, SD",100.5
"Sanborn, SD",106.1
"Shannon, SD",96.8
"Spink, SD",109.8
"Stanley, SD",100
"Sully, SD",101.8
"Todd, SD",93.9
"Tripp, SD",97.8
"Turner, SD",100.2
"Union, SD",102
"Walworth, SD",94
"Yankton, SD",107
"Ziebach, SD",96
TENNESSEE,95.1
"Anderson, TN",92.9
"Bedford, TN",99.6
"Benton, TN",92.2
"Bledsoe, TN",118.6
"Blount, TN",94.6
"Bradley, TN",95.6
"Campbell, TN",94.6
"Cannon, TN",94.6
"Carroll, TN",92.1
"Carter, TN",100.5
"Cheatham, TN",99
"Chester, TN",94.6
"Claiborne, TN",92.8
"Clay, TN",92.9
"Cocke, TN",94.4
"Coffee, TN",95.4
"Crockett, TN",91.8
"Cumberland, TN",93.9
"Davidson, TN",94.2
"Decatur, TN",94.5
"DeKalb, TN",99.1
"Dickson, TN",96.9
"Dyer, TN",92.5
"Fayette, TN",96.5
"Fentress, TN",95.3
"Franklin, TN",95.9
"Gibson, TN",91
"Giles, TN",94.2
"Grainger, TN",99.3
"Greene, TN",95.8
"Grundy, TN",96.1
"Hamblen, TN",99.1
"Hamilton, TN",92
"Hancock, TN",97.4
"Hardeman, TN",117.2
"Hardin, TN",95.6
"Hawkins, TN",94.7
"Haywood, TN",87.3
"Henderson, TN",92.5
"Henry, TN",93.2
"Hickman, TN",110
"Houston, TN",96.6
"Humphreys, TN",96
"Jackson, TN",95.2
"Jefferson, TN",97.8
"Johnson, TN",117.8
"Knox, TN",94.4
"Lake, TN",166.2
"Lauderdale, TN",109.9
"Lawrence, TN",94.3
"Lewis, TN",97.7
"Lincoln, TN",93.2
"Loudon, TN",96.2
"McMinn, TN",94.2
"McNairy, TN",94
"Macon, TN",99.6
"Madison, TN",92.8
"Marion, TN",96.3
"Marshall, TN",98.4
"Maury, TN",95.7
"Meigs, TN",97.8
"Monroe, TN",96.4
"Montgomery, TN",93.9
"Moore, TN",100.6
"Morgan, TN",98.4
"Obion, TN",93
"Overton, TN",97
"Perry, TN",99.2
"Pickett, TN",96.6
"Polk, TN",99.1
"Putnam, TN",99
"Rhea, TN",94.8
"Roane, TN",95.2
"Robertson, TN",100.2
"Rutherford, TN",98.4
"Scott, TN",98
"Sequatchie, TN",96.8
"Sevier, TN",96
"Shelby, TN",91.1
"Smith, TN",97.2
"Stewart, TN",97.5
"Sullivan, TN",93.1
"Sumner, TN",97.4
"Tipton, TN",97
"Trousdale, TN",100.3
"Unicoi, TN",95.8
"Union, TN",98.2
"Van Buren, TN",99.6
"Warren, TN",99
"Washington, TN",93.7
"Wayne, TN",124.5
"Weakley, TN",94.7
"White, TN",95.9
"Williamson, TN",97.7
"Wilson, TN",97.7
TEXAS,99.8
"Anderson, TX",151.4
"Andrews, TX",99.2
"Angelina, TX",96.8
"Aransas, TX",96.2
"Archer, TX",101.2
"Armstrong, TX",94.3
"Atascosa, TX",97.9
"Austin, TX",99
"Bailey, TX",98.1
"Bandera, TX",98.6
"Bastrop, TX",104.5
"Baylor, TX",90.3
"Bee, TX",154.3
"Bell, TX",98
"Bexar, TX",95.7
"Blanco, TX",100.5
"Borden, TX",97
"Bosque, TX",97.4
"Bowie, TX",102.3
"Brazoria, TX",105.8
"Brazos, TX",102.6
"Brewster, TX",100.4
"Briscoe, TX",98.1
"Brooks, TX",93.2
"Brown, TX",98
"Burleson, TX",95.5
"Burnet, TX",94
"Caldwell, TX",98.7
"Calhoun, TX",99.5
"Callahan, TX",94.8
"Cameron, TX",92.9
"Camp, TX",95.5
"Carson, TX",96
"Cass, TX",93.4
"Castro, TX",102.5
"Chambers, TX",101.6
"Cherokee, TX",103.4
"Childress, TX",151.7
"Clay, TX",96.9
"Cochran, TX",89.7
"Coke, TX",97.9
"Coleman, TX",93.7
"Collin, TX",100.8
"Collingsworth, TX",96.9
"Colorado, TX",96.2
"Comal, TX",98.1
"Comanche, TX",96.6
"Concho, TX",204.1
"Cooke, TX",98.3
"Coryell, TX",100.8
"Cottle, TX",91.9
"Crane, TX",95.2
"Crockett, TX",98.8
"Crosby, TX",92.3
"Culberson, TX",99.7
"Dallam, TX",102.3
"Dallas, TX",103.1
"Dawson, TX",128.5
"Deaf Smith, TX",96.4
"Delta, TX",96
"Denton, TX",99.8
"DeWitt, TX",107.6
"Dickens, TX",139.1
"Dimmit, TX",93.8
"Donley, TX",94.1
"Duval, TX",104.4
"Eastland, TX",94.1
"Ector, TX",96.3
"Edwards, TX",105.9
"Ellis, TX",100.1
"El Paso, TX",93.2
"Erath, TX",98
"Falls, TX",85.7
"Fannin, TX",113.7
"Fayette, TX",95.4
"Fisher, TX",97.1
"Floyd, TX",94.8
"Foard, TX",90.8
"Fort Bend, TX",99.8
"Franklin, TX",96.5
"Freestone, TX",112.7
"Frio, TX",122.2
"Gaines, TX",98.4
"Galveston, TX",96.6
"Garza, TX",115.5
"Gillespie, TX",92
"Glasscock, TX",112.7
"Goliad, TX",99.7
"Gonzales, TX",99.7
"Gray, TX",105.5
"Grayson, TX",95.5
"Gregg, TX",95.3
"Grimes, TX",114.4
"Guadalupe, TX",97.9
"Hale, TX",103.4
"Hall, TX",93.5
"Hamilton, TX",95.9
"Hansford, TX",98.2
"Hardeman, TX",92.7
"Hardin, TX",98
"Harris, TX",100.7
"Harrison, TX",96.4
"Hartley, TX",145.9
"Haskell, TX",89.3
"Hays, TX",100.3
"Hemphill, TX",101.5
"Henderson, TX",96.8
"Hidalgo, TX",95.6
"Hill, TX",98.6
"Hockley, TX",97.1
"Hood, TX",97.1
"Hopkins, TX",98.4
"Houston, TX",117.9
"Howard, TX",120
"Hudspeth, TX",101.2
"Hunt, TX",100
"Hutchinson, TX",98.3
"Irion, TX",100.3
"Jack, TX",124.9
"Jackson, TX",99.2
"Jasper, TX",96.4
"Jeff Davis, TX",102.9
"Jefferson, TX",102.8
"Jim Hogg, TX",97.6
"Jim Wells, TX",95.5
"Johnson, TX",100.9
"Jones, TX",162.5
"Karnes, TX",146.9
"Kaufman, TX",99.2
"Kendall, TX",97.3
"Kenedy, TX",115.8
"Kent, TX",96.9
"Kerr, TX",93.1
"Kimble, TX",97.3
"King, TX",125.2
"Kinney, TX",102.1
"Kleberg, TX",100
"Knox, TX",90.5
"Lamar, TX",92.4
"Lamb, TX",94.8
"Lampasas, TX",96.7
"La Salle, TX",115.1
"Lavaca, TX",93.6
"Lee, TX",101.1
"Leon, TX",97.9
"Liberty, TX",96.8
"Limestone, TX",106.2
"Lipscomb, TX",97.1
"Live Oak, TX",124.8
"Llano, TX",95.3
"Loving, TX",95.7
"Lubbock, TX",96.5
"Lynn, TX",101
"McCulloch, TX",93.5
"McLennan, TX",95.5
"McMullen, TX",103.5
"Madison, TX",144.4
"Marion, TX",93.7
"Martin, TX",97
"Mason, TX",94.2
"Matagorda, TX",100.5
"Maverick, TX",92.2
"Medina, TX",104.3
"Menard, TX",101
"Midland, TX",95.1
"Milam, TX",99.5
"Mills, TX",103.9
"Mitchell, TX",169.7
"Montague, TX",94.7
"Montgomery, TX",99.2
"Moore, TX",102.1
"Morris, TX",92.1
"Motley, TX",102.2
"Nacogdoches, TX",92.9
"Navarro, TX",99.4
"Newton, TX",104.3
"Nolan, TX",97.1
"Nueces, TX",95.6
"Ochiltree, TX",102.2
"Oldham, TX",111.8
"Orange, TX",97
"Palo Pinto, TX",99
"Panola, TX",95.2
"Parker, TX",103.5
"Parmer, TX",99
"Pecos, TX",121.2
"Polk, TX",105.9
"Potter, TX",102.9
"Presidio, TX",90.6
"Rains, TX",101.4
"Randall, TX",96.9
"Reagan, TX",102.3
"Real, TX",94.1
"Red River, TX",93.1
"Reeves, TX",114.7
"Refugio, TX",95.4
"Roberts, TX",106.6
"Robertson, TX",94.2
"Rockwall, TX",101.4
"Runnels, TX",93.8
"Rusk, TX",106.7
"Sabine, TX",92.8
"San Augustine, TX",91.4
"San Jacinto, TX",99.7
"San Patricio, TX",96.2
"San Saba, TX",109.8
"Schleicher, TX",98.3
"Scurry, TX",111.5
"Shackelford, TX",93.7
"Shelby, TX",95.2
"Sherman, TX",105.9
"Smith, TX",93.6
"Somervell, TX",101.6
"Starr, TX",93.2
"Stephens, TX",107.6
"Sterling, TX",96.7
"Stonewall, TX",94.8
"Sutton, TX",102.3
"Swisher, TX",112.5
"Tarrant, TX",99.7
"Taylor, TX",93.3
"Terrell, TX",99.8
"Terry, TX",109.9
"Throckmorton, TX",100.4
"Titus, TX",101.5
"Tom Green, TX",93
"Travis, TX",106.6
"Trinity, TX",91.6
"Tyler, TX",107.7
"Upshur, TX",97.2
"Upton, TX",99.5
"Uvalde, TX",94.5
"Val Verde, TX",94.6
"Van Zandt, TX",98.2
"Victoria, TX",94.9
"Walker, TX",146.9
"Waller, TX",98.9
"Ward, TX",98.7
"Washington, TX",95.8
"Webb, TX",93.8
"Wharton, TX",97.4
"Wheeler, TX",97
"Wichita, TX",101.9
"Wilbarger, TX",99
"Willacy, TX",105.6
"Williamson, TX",100.4
"Wilson, TX",99.2
"Winkler, TX",98.7
"Wise, TX",102.7
"Wood, TX",96.5
"Yoakum, TX",97.9
"Young, TX",93.8
"Zapata, TX",97.9
"Zavala, TX",96.9
UTAH,101.3
"Beaver, UT",109.5
"Box Elder, UT",104.3
"Cache, UT",97.6
"Carbon, UT",96.2
"Daggett, UT",127.3
"Davis, UT",102.1
"Duchesne, UT",102.8
"Emery, UT",104.6
"Garfield, UT",107.4
"Grand, UT",98.8
"Iron, UT",99
"Juab, UT",103.3
"Kane, UT",99.2
"Millard, UT",106.5
"Morgan, UT",106.3
"Piute, UT",104.1
"Rich, UT",102.2
"Salt Lake, UT",102.3
"San Juan, UT",99.9
"Sanpete, UT",110
"Sevier, UT",102.8
"Summit, UT",111.6
"Tooele, UT",100
"Uintah, UT",101.1
"Utah, UT",98.9
"Wasatch, UT",104.7
"Washington, UT",98.1
"Wayne, UT",105
"Weber, UT",101.6
VERMONT,96.9
"Addison, VT",99
"Bennington, VT",93.7
"Caledonia, VT",98.8
"Chittenden, VT",95.9
"Essex, VT",99
"Franklin, VT",98.9
"Grand Isle, VT",98.8
"Lamoille, VT",99.2
"Orange, VT",100.2
"Orleans, VT",99.1
"Rutland, VT",95.9
"Washington, VT",97.2
"Windham, VT",96
"Windsor, VT",95.4
VIRGINIA,96.7
"Accomack, VA",94.6
"Albemarle, VA",93
"Alleghany, VA",95.9
"Amelia, VA",97.4
"Amherst, VA",90.6
"Appomattox, VA",94.7
"Arlington, VA",102
"Augusta, VA",103
"Bath, VA",101.7
"Bedford, VA",99.1
"Bland, VA",119.3
"Botetourt, VA",100
"Brunswick, VA",116.6
"Buchanan, VA",104.7
"Buckingham, VA",123.4
"Campbell, VA",95.2
"Caroline, VA",97.9
"Carroll, VA",97
"Charles City, VA",95.4
"Charlotte, VA",92.9
"Chesterfield, VA",96.3
"Clarke, VA",99.5
"Craig, VA",104.1
"Culpeper, VA",103.5
"Cumberland, VA",92.7
"Dickenson, VA",98
"Dinwiddie, VA",96.9
"Essex, VA",90.1
"Fairfax, VA",98.6
"Fauquier, VA",99
"Floyd, VA",100.8
"Fluvanna, VA",86
"Franklin, VA",97.2
"Frederick, VA",100.4
"Giles, VA",96.4
"Gloucester, VA",95.1
"Goochland, VA",100.7
"Grayson, VA",96.2
"Greene, VA",97.3
"Greensville, VA",170
"Halifax, VA",90.1
"Hanover, VA",97.2
"Henrico, VA",90.1
"Henry, VA",96.6
"Highland, VA",96.6
"Isle of Wight, VA",95.6
"James City, VA",94.7
"King and Queen, VA",93.1
"King George, VA",100.8
"King William, VA",96.6
"Lancaster, VA",87.5
"Lee, VA",107.3
"Loudoun, VA",99.2
"Louisa, VA",95.7
"Lunenburg, VA",115.1
"Madison, VA",95.6
"Mathews, VA",92.6
"Mecklenburg, VA",96.6
"Middlesex, VA",94
"Montgomery, VA",111.3
"Nelson, VA",95.1
"New Kent, VA",102.8
"Northampton, VA",90.9
"Northumberland, VA",91.5
"Nottoway, VA",110.3
"Orange, VA",94.9
"Page, VA",96.4
"Patrick, VA",96.6
"Pittsylvania, VA",98.6
"Powhatan, VA",115.9
"Prince Edward, VA",99.5
"Prince George, VA",126.7
"Prince William, VA",100.3
"Pulaski, VA",98.5
"Rappahannock, VA",96.9
"Richmond, VA",135.7
"Roanoke, VA",91.3
"Rockbridge, VA",99.7
"Rockingham, VA",98.1
"Russell, VA",94.4
"Scott, VA",97.1
"Shenandoah, VA",94.9
"Smyth, VA",94.4
"Southampton, VA",121.2
"Spotsylvania, VA",97.3
"Stafford, VA",101.3
"Surry, VA",93.7
"Sussex, VA",139.7
"Tazewell, VA",95.9
"Warren, VA",97.6
"Washington, VA",95.7
"Westmoreland, VA",93.9
"Wise, VA",104.8
"Wythe, VA",93.1
"York, VA",96.7
"Alexandria, VA",94.3
"Bedford, VA",91.7
"Bristol, VA",84.6
"Buena Vista, VA",85.8
"Charlottesville, VA",87.6
"Chesapeake, VA",94.1
"Clifton Forge, VA",0
"Colonial Heights, VA",90
"Covington, VA",94.1
"Danville, VA",83.3
"Emporia, VA",85
"Fairfax, VA",95.6
"Falls Church, VA",97.1
"Franklin, VA",82.9
"Fredericksburg, VA",81.9
"Galax, VA",91.1
"Hampton, VA",97.9
"Harrisonburg, VA",93.9
"Hopewell, VA",88.1
"Lexington, VA",128.4
"Lynchburg, VA",85.6
"Manassas, VA",102.6
"Manassas Park, VA",103.3
"Martinsville, VA",83.4
"Newport News, VA",89.9
"Norfolk, VA",102.5
"Norton, VA",81.7
"Petersburg, VA",84.3
"Poquoson, VA",101.2
"Portsmouth, VA",94.1
"Radford, VA",84.2
"Richmond, VA",86.8
"Roanoke, VA",88.2
"Salem, VA",91.1
"South Boston, VA",0
"Staunton, VA",82.8
"Suffolk, VA",92.5
"Virginia Beach, VA",95.6
"Waynesboro, VA",89.4
"Williamsburg, VA",79.6
"Winchester, VA",97.1
WASHINGTON,99.8
"Adams, WA",105.2
"Asotin, WA",92.5
"Benton, WA",99.9
"Chelan, WA",100.8
"Clallam, WA",97.4
"Clark, WA",99.5
"Columbia, WA",94.9
"Cowlitz, WA",99.1
"Douglas, WA",98.1
"Ferry, WA",106.5
"Franklin, WA",111.1
"Garfield, WA",100.5
"Grant, WA",105.9
"Grays Harbor, WA",103.3
"Island, WA",96.8
"Jefferson, WA",96.3
"King, WA",100.1
"Kitsap, WA",102
"Kittitas, WA",98
"Klickitat, WA",99.9
"Lewis, WA",99.6
"Lincoln, WA",98.3
"Mason, WA",106
"Okanogan, WA",99.5
"Pacific, WA",98
"Pend Oreille, WA",99.8
"Pierce, WA",99.3
"San Juan, WA",97.1
"Skagit, WA",98.3
"Skamania, WA",101.1
"Snohomish, WA",100.4
"Spokane, WA",97.2
"Stevens, WA",99.1
"Thurston, WA",97.1
"Wahkiakum, WA",97.3
"Walla Walla, WA",102.8
"Whatcom, WA",97.7
"Whitman, WA",102.6
"Yakima, WA",100.4
WEST VIRGINIA,96.2
"Barbour, WV",98
"Berkeley, WV",99.7
"Boone, WV",95.5
"Braxton, WV",103.5
"Brooke, WV",94.9
"Cabell, WV",92.5
"Calhoun, WV",101.2
"Clay, WV",98.4
"Doddridge, WV",104.4
"Fayette, WV",99.9
"Gilmer, WV",102
"Grant, WV",98.4
"Greenbrier, WV",94
"Hampshire, WV",99.2
"Hancock, WV",93.7
"Hardy, WV",98.8
"Harrison, WV",94.1
"Jackson, WV",95.6
"Jefferson, WV",100
"Kanawha, WV",92.4
"Lewis, WV",96.7
"Lincoln, WV",98.4
"Logan, WV",94.6
"McDowell, WV",92
"Marion, WV",92.5
"Marshall, WV",95.5
"Mason, WV",95.9
"Mercer, WV",91.9
"Mineral, WV",98.1
"Mingo, WV",93.9
"Monongalia, WV",102.4
"Monroe, WV",97.2
"Morgan, WV",97.6
"Nicholas, WV",97.4
"Ohio, WV",89.3
"Pendleton, WV",101.5
"Pleasants, WV",109.1
"Pocahontas, WV",107
"Preston, WV",99
"Putnam, WV",98.6
"Raleigh, WV",99.1
"Randolph, WV",103.2
"Ritchie, WV",100.3
"Roane, WV",99.5
"Summers, WV",78.6
"Taylor, WV",98.6
"Tucker, WV",98.3
"Tyler, WV",96.4
"Upshur, WV",95.7
"Wayne, WV",96.9
"Webster, WV",97.2
"Wetzel, WV",94.5
"Wirt, WV",103
"Wood, WV",93.9
"Wyoming, WV",97.5
WISCONSIN,98.7
"Adams, WI",115.7
"Ashland, WI",97.7
"Barron, WI",98.4
"Bayfield, WI",101.5
"Brown, WI",99.4
"Buffalo, WI",101.3
"Burnett, WI",100.4
"Calumet, WI",102
"Chippewa, WI",105.4
"Clark, WI",101.6
"Columbia, WI",102.8
"Crawford, WI",104.9
"Dane, WI",98.5
"Dodge, WI",112.6
"Door, WI",98.7
"Douglas, WI",96.8
"Dunn, WI",101.8
"Eau Claire, WI",94.6
"Florence, WI",103.6
"Fond du Lac, WI",96.4
"Forest, WI",100.5
"Grant, WI",106.6
"Green, WI",98.5
"Green Lake, WI",98.8
"Iowa, WI",100.7
"Iron, WI",96.7
"Jackson, WI",114.2
"Jefferson, WI",99.6
"Juneau, WI",107.7
"Kenosha, WI",99.2
"Kewaunee, WI",102.4
"La Crosse, WI",94.7
"Lafayette, WI",101.4
"Langlade, WI",100.1
"Lincoln, WI",100.4
"Manitowoc, WI",99.9
"Marathon, WI",100.6
"Marinette, WI",97.2
"Marquette, WI",101.5
"Menominee, WI",101.3
"Milwaukee, WI",93.2
"Monroe, WI",102
"Oconto, WI",102.5
"Oneida, WI",99.8
"Outagamie, WI",100.2
"Ozaukee, WI",98.9
"Pepin, WI",102.6
"Pierce, WI",96.7
"Polk, WI",100.6
"Portage, WI",99.4
"Price, WI",102.7
"Racine, WI",98.9
"Richland, WI",99.7
"Rock, WI",98.2
"Rusk, WI",97.9
"St. Croix, WI",101
"Sauk, WI",98.2
"Sawyer, WI",101.2
"Shawano, WI",100.3
"Sheboygan, WI",102.4
"Taylor, WI",103.3
"Trempealeau, WI",101.2
"Vernon, WI",100.3
"Vilas, WI",98.8
"Walworth, WI",100.9
"Washburn, WI",100.7
"Washington, WI",100.9
"Waukesha, WI",98.1
"Waupaca, WI",100.5
"Waushara, WI",109.8
"Winnebago, WI",100.3
"Wood, WI",96.5
WYOMING,103.7
"Albany, WY",109.8
"Big Horn, WY",99.6
"Campbell, WY",107.3
"Carbon, WY",114.7
"Converse, WY",102.2
"Crook, WY",102.5
"Fremont, WY",100.8
"Goshen, WY",102.1
"Hot Springs, WY",95
"Johnson, WY",99.1
"Laramie, WY",102.7
"Lincoln, WY",105.8
"Natrona, WY",99.7
"Niobrara, WY",94.1
"Park, WY",98.3
"Platte, WY",100.2
"Sheridan, WY",100.1
"Sublette, WY",107.4
"Sweetwater, WY",105.5
"Teton, WY",117.2
"Uinta, WY",106
"Washakie, WY",101.1
"Weston, WY",108.2